step,loss
1,12.37845
2,12.36325
3,12.33137
4,12.28397
5,12.22048
6,12.14017
7,12.04897
8,11.94193
9,11.81908
10,11.68259
11,11.53297
12,11.37303
13,11.19815
14,11.02700
15,10.81583
16,10.61479
17,10.38304
18,10.15753
19,9.92291
20,9.66127
